("https://docs.google.com/spreadsheets/d/1e-2nYvn8R9Kv9PBl4kpJCgjhBN1oCBm568AgUZllBYY/edit?usp=drivesdk","Single_share_links")
("https://drive.google.com/file/d/12OiKxnnb6KCSahod-X2OO-eHL0PnW-dO/view?usp=drivesdk","single_95.zip")
("https://drive.google.com/file/d/12x0ABlN28ReR1PLtr9OJCSSM3w0yXmr4/view?usp=drivesdk","single_99.zip")
("https://drive.google.com/file/d/1FKcX_Loffl2f-ATDTtM8cO5k0o7Z_xei/view?usp=drivesdk","single_93.zip")
("https://drive.google.com/file/d/1Hj2U1wp1JY9LspS4VRN-BaQtYtodfRyg/view?usp=drivesdk","single_98.zip")
("https://drive.google.com/file/d/1NGbnNm0EhNckgT2-A8C5VmmEKvk0cqtf/view?usp=drivesdk","single_97.zip")
("https://drive.google.com/file/d/1W5soNT60FGysUNJtuNM2uuFqRQb_44eE/view?usp=drivesdk","single_96.zip")
("https://drive.google.com/file/d/1bShmh882AdK0gRYcu3U_R-gQkq6ajQH8/view?usp=drivesdk","single_94.zip")
("https://drive.google.com/file/d/1jz9oCyb7DbLhbWpbrEbxtMesjixHSxL_/view?usp=drivesdk","single_91.zip")
("https://drive.google.com/file/d/1o9nKhpIphppHxA_wXQtDJxiSkS3-6_af/view?usp=drivesdk","single_90.zip")
("https://drive.google.com/file/d/1r1R3cJatZqM_xvJRzg3J64WkukM6x2ia/view?usp=drivesdk","single_92.zip")
("https://drive.google.com/file/d/15abTAv9jHyGx6iBh4csCnw5hp2oXOmWm/view?usp=drivesdk","single_82.zip")
("https://drive.google.com/file/d/17YYClBxxnAVQ7BUESRT7F0qhMYEZHRmT/view?usp=drivesdk","single_84.zip")
("https://drive.google.com/file/d/18HEbigLFyUcSfZBhgJeEtuQYTFcSjNps/view?usp=drivesdk","single_79.zip")
("https://drive.google.com/file/d/195zpGNDjUUyz1Uu2fnQwjlc6DEfxwtb3/view?usp=drivesdk","single_85.zip")
("https://drive.google.com/file/d/1AcOEIGAzKtj86kCT_ebY3mVr1HB8j1W0/view?usp=drivesdk","single_75.zip")
("https://drive.google.com/file/d/1Dx5xqLZ3Ov37UqL_pT1qaEf3pbRv9S2S/view?usp=drivesdk","single_76.zip")
("https://drive.google.com/file/d/1Gtqkm46jPakxnZafzjYBRHHGD1BPAQig/view?usp=drivesdk","single_86.zip")
("https://drive.google.com/file/d/1JJIKeok_4O5yWS1DOevwsJtiwBIwBrfD/view?usp=drivesdk","single_83.zip")
("https://drive.google.com/file/d/1SOmknX0aR7fDYCQELt2DaQeHmg_KR1dn/view?usp=drivesdk","single_8.zip")
("https://drive.google.com/file/d/1cTn75Z-ePeNQGJ4htv_9shOmosmgmDPz/view?usp=drivesdk","single_9.zip")
("https://drive.google.com/file/d/1dXEPjh7e4ZSwyJDXnhUCHRbi6kH-Rfkw/view?usp=drivesdk","single_78.zip")
("https://drive.google.com/file/d/1fQFNBYsYJCsd-RzJopYtk6Xx6eRUm4NU/view?usp=drivesdk","single_81.zip")
("https://drive.google.com/file/d/1jbqWAHTe4DLPHPIDxKh05jGSNR7uaBY8/view?usp=drivesdk","single_87.zip")
("https://drive.google.com/file/d/1m3IJ6izDwu2Vv7TjDWxhqHR-cIE9uWXA/view?usp=drivesdk","single_74.zip")
("https://drive.google.com/file/d/1nrbZib2x6-hT9OFZpINWawQN0W7fnJxv/view?usp=drivesdk","single_77.zip")
("https://drive.google.com/file/d/1tKaH3bzBwJ-AjWAXQTYCSn4rd0i1bpL7/view?usp=drivesdk","single_88.zip")
("https://drive.google.com/file/d/1tRo8qwoRF3aMeoH9CRXPNVN4Puhiy4yu/view?usp=drivesdk","single_89.zip")
("https://drive.google.com/file/d/1w9B6r1oJHBKfdSpn3RXAwlo9e_NdNDDX/view?usp=drivesdk","single_80.zip")
("https://drive.google.com/file/d/1GTvRhSIkRLIdcYJ1vSQ_eNO_9DQqBBHh/view?usp=drivesdk","single_60.zip")
("https://drive.google.com/file/d/1HWvhWeUbcsXWSYy4JTMtFyEaES13WpBR/view?usp=drivesdk","single_61.zip")
("https://drive.google.com/file/d/1Inbobkh4XszKI947lUAudmuD5l4rztaw/view?usp=drivesdk","single_68.zip")
("https://drive.google.com/file/d/1Lg4JR1mRgJ_iUnUwyQ2TYtP0nDUvWDsx/view?usp=drivesdk","single_70.zip")
("https://drive.google.com/file/d/1PLDtX72J3zUariV3i2Yb9UwqUNGHxzog/view?usp=drivesdk","single_71.zip")
("https://drive.google.com/file/d/1S3xFrPgzDVz4F7t78aItNWVGfuSuH7Xw/view?usp=drivesdk","single_66.zip")
("https://drive.google.com/file/d/1VLG0XnSf-4yvs0iHb9ZJlr5UHkv__hMV/view?usp=drivesdk","single_59.zip")
("https://drive.google.com/file/d/1YI0qo6rIdsEKoKXsvDhlALTBBj6EqeBd/view?usp=drivesdk","single_65.zip")
("https://drive.google.com/file/d/1aFqqbwcwc-gJxjKA2usVWbLp2LPsZshg/view?usp=drivesdk","single_67.zip")
("https://drive.google.com/file/d/1bgWmW-dJejRwplxv0TydHQ0SrwA-NzyY/view?usp=drivesdk","single_69.zip")
("https://drive.google.com/file/d/1e8RPAVcDiEu7fxSZvyM8pSFTDbbjTJ-E/view?usp=drivesdk","single_63.zip")
("https://drive.google.com/file/d/1eGDYyw2ZscIQ-PE0lTEnu9Xjy3k1dLu9/view?usp=drivesdk","single_72.zip")
("https://drive.google.com/file/d/1hvxQlpWBlATsNzaS4X7sXJ-NH1mMKYiM/view?usp=drivesdk","single_64.zip")
("https://drive.google.com/file/d/1lrcaPhbv7AXLXkJTcsp-wMNUpdkRq0OF/view?usp=drivesdk","single_73.zip")
("https://drive.google.com/file/d/1nXQVk8CXm9qwuapquQ81wm5xr5nDVrEd/view?usp=drivesdk","single_62.zip")
("https://drive.google.com/file/d/1oA-bXXOsChWUXPtKW0GScvHrRLFeB9JS/view?usp=drivesdk","single_7.zip")
("https://drive.google.com/file/d/1qzNPItWACLXN-hKh5uhHWLqpbaUnWDwN/view?usp=drivesdk","single_6.zip")
("https://drive.google.com/file/d/10wkaR6aWi3hCspFC_DRLwjjvYZLx8tRa/view?usp=drivesdk","single_51.zip")
("https://drive.google.com/file/d/1IGoS-XlA5hEfNW6Wjsqf1oLZgwqp0_nS/view?usp=drivesdk","single_46.zip")
("https://drive.google.com/file/d/1M_KSp9XoLUOFXfVMr4Pv--xI9yVJzjLp/view?usp=drivesdk","single_58.zip")
("https://drive.google.com/file/d/1Oa9gyCNVy1yYc_zXdko7KZjBA322JKDr/view?usp=drivesdk","single_56.zip")
("https://drive.google.com/file/d/1RXDfNzsK_mHbnC15Tnaa7Gi3i-LNh4uf/view?usp=drivesdk","single_47.zip")
("https://drive.google.com/file/d/1TzAzUQaPyzKs745Yw1vHR0lR86CEEPKB/view?usp=drivesdk","single_49.zip")
("https://drive.google.com/file/d/1UdWQQCZFEgfVue3WXArhhmMfI289Bd7v/view?usp=drivesdk","single_57.zip")
("https://drive.google.com/file/d/1VOD8l6OTMUD96d42R_ZE3_83MDV7OJbE/view?usp=drivesdk","single_44.zip")
("https://drive.google.com/file/d/1ZNm5UIOwj6S-Jq1wjk8_6Tk_gIfLN8PH/view?usp=drivesdk","single_40.zip")
("https://drive.google.com/file/d/1ZuPXSlA_RNTp4VEw-eV-V0srvT_rp3Bz/view?usp=drivesdk","single_54.zip")
("https://drive.google.com/file/d/1baVTIR-K_gWITMTMlAuYf1VerGNcs_S0/view?usp=drivesdk","single_48.zip")
("https://drive.google.com/file/d/1cgfba8mkfU7kuT82eyce2gETRylONUzU/view?usp=drivesdk","single_4.zip")
("https://drive.google.com/file/d/1d0J5zuV1AHsn__LLnAAAvRSC93SAVn-_/view?usp=drivesdk","single_55.zip")
("https://drive.google.com/file/d/1dJqd0PDHuajGjB1OrFdSkv_GtSoWItM_/view?usp=drivesdk","single_41.zip")
("https://drive.google.com/file/d/1iHLQuQkL_Cb2MlwVgLJbEXIShU7_zEOE/view?usp=drivesdk","single_5.zip")
("https://drive.google.com/file/d/1j55tCFatRku3mkdv6rfG9QR8t4xxU1Xn/view?usp=drivesdk","single_50.zip")
("https://drive.google.com/file/d/1nr-NKpBoD2yu51o82T7eKOrHOu65eyYJ/view?usp=drivesdk","single_53.zip")
("https://drive.google.com/file/d/1o1bAuEv7Pl92ckhCvxYnnvnxCzu6WzfZ/view?usp=drivesdk","single_43.zip")
("https://drive.google.com/file/d/1odRcAoh2gPwzpKKDoQT6A7XdZE6V__cg/view?usp=drivesdk","single_52.zip")
("https://drive.google.com/file/d/1tpvH8KhK3zmEVt7u8Szxt17aMtNeL0fc/view?usp=drivesdk","single_45.zip")
("https://drive.google.com/file/d/1vGM-ZtJd7XqL-Ey0MZLMRCqBfieEH9AV/view?usp=drivesdk","single_42.zip")
("https://drive.google.com/file/d/1-dqKSRGrF6hMZOObcTuPBGqyoQRDlm1K/view?usp=drivesdk","single_37.zip")
("https://drive.google.com/file/d/15fz4qHxRYpLU9wke9rb1LVPXCsqlVrmO/view?usp=drivesdk","single_36.zip")
("https://drive.google.com/file/d/16PHeCoypvAU_SYF7ReOTw2Mf2QNIW-5R/view?usp=drivesdk","single_27.zip")
("https://drive.google.com/file/d/16_z3EiNjelED6Dyj4xQRTRrCl_t8UcFY/view?usp=drivesdk","single_28.zip")
("https://drive.google.com/file/d/16qOQhdhrIBlLqt0itWk7DCh7YUwIsuQ7/view?usp=drivesdk","single_38.zip")
("https://drive.google.com/file/d/1C6CHnnQ1T0vYRaYLP4PQJlCmPRfZdYN_/view?usp=drivesdk","single_24.zip")
("https://drive.google.com/file/d/1E23ZyRZirMb2rbb0GDwEDEx9iAiwbf44/view?usp=drivesdk","single_29.zip")
("https://drive.google.com/file/d/1Ga56BA-EUPUM-ZGxy6tV148kJH2SbDLF/view?usp=drivesdk","single_34.zip")
("https://drive.google.com/file/d/1K0r25V27PqZJqaROV6D-Y2e_iomotpAu/view?usp=drivesdk","single_31.zip")
("https://drive.google.com/file/d/1Leb2NIGxeB02-ifJJrRvzCvfCCHJjYbv/view?usp=drivesdk","single_21.zip")
("https://drive.google.com/file/d/1SzQrrL-xB_2JNGz0Zwy1x3CUBZz2TXG1/view?usp=drivesdk","single_32.zip")
("https://drive.google.com/file/d/1T6Z7J9JEzJKrX5TDC3zl4RegGFvTjCXd/view?usp=drivesdk","single_22.zip")
("https://drive.google.com/file/d/1UA3FsNwFfdPNi7RB8ebPCyHNGL-R1ONN/view?usp=drivesdk","single_33.zip")
("https://drive.google.com/file/d/1kmzFGO6WKFYtr5nQ7jUlTbOtRzjA9XvA/view?usp=drivesdk","single_26.zip")
("https://drive.google.com/file/d/1kqttw0AYx1TWiDaFIi-HzKjMlZub_4Fn/view?usp=drivesdk","single_3.zip")
("https://drive.google.com/file/d/1kx5xZwImYRB0AjVv0ITkBSDwsP9Kv9mi/view?usp=drivesdk","single_30.zip")
("https://drive.google.com/file/d/1lflINHIaYE5uVPVCl-iDCRtsA_0AfFf7/view?usp=drivesdk","single_39.zip")
("https://drive.google.com/file/d/1mmW6LeylKnWNiyRrad_c7l9bO44NH8x3/view?usp=drivesdk","single_25.zip")
("https://drive.google.com/file/d/1oszYp7vnE4lW4Hw3eXXuVsXEgvgStOcI/view?usp=drivesdk","single_35.zip")
("https://drive.google.com/file/d/1rM72vHB37UaGlTcFz3aGVuNwKlHDYcYr/view?usp=drivesdk","single_23.zip")
("https://drive.google.com/file/d/1Ak04EN7Fva0m7GkyksEAUZAY58grob49/view?usp=drivesdk","single_17.zip")
("https://drive.google.com/file/d/1B1mp2u_mYQbte7K24z6x9kOK_MD4D0E2/view?usp=drivesdk","single_13.zip")
("https://drive.google.com/file/d/1H5YhyOVVMoEzC_AurJQcddusj9oeEEkX/view?usp=drivesdk","single_15.zip")
("https://drive.google.com/file/d/1Ouq16LSc5TjfP8QW0g19N3bWMcCIkHt6/view?usp=drivesdk","single_11.zip")
("https://drive.google.com/file/d/1UbulQAmABsvOUKmM2bs25mjQTmS1ez4j/view?usp=drivesdk","single_20.zip")
("https://drive.google.com/file/d/1XRW9_b1648f4b7gaWmDOF8b8Qs1H-xSg/view?usp=drivesdk","single_2.zip")
("https://drive.google.com/file/d/1XyxQ3urr9JAsmERvNX7muWjXmUdyoW6U/view?usp=drivesdk","single_18.zip")
("https://drive.google.com/file/d/1_8BPcdYGnpvQpTsCT2jD7hxB19-IGiqz/view?usp=drivesdk","single_10.zip")
("https://drive.google.com/file/d/1d4RRccbLYMeUsSSka7BVWI5Zhjer9ZR3/view?usp=drivesdk","single_12.zip")
("https://drive.google.com/file/d/1nBwql3TPbHx0cm0ZYgNWxYSTfwJapqJS/view?usp=drivesdk","single_100.zip")
("https://drive.google.com/file/d/1tYlhcpIfoFzWFitf1ticQ8DIlNQUp8jK/view?usp=drivesdk","single_1.zip")
("https://drive.google.com/file/d/1u6Pn-aPbQn_FPTVfpyond7GnCZT4Ba8w/view?usp=drivesdk","single_19.zip")
("https://drive.google.com/file/d/1ytvICDEiU_KR2Gu5wu4craxEfPqWGT-W/view?usp=drivesdk","single_14.zip")
("https://drive.google.com/file/d/1I3EO8kk51EfWiY-wkaQbuIcxQhI2Z7w0/view?usp=drivesdk","single_16.zip")